Frequency MHz,Attenuation dBV,VoltsScaleFactor,Pixel X,Pixel Y
2.34192037470726,-0.0,1.0,20,115.0
3.51288056206089,-0.0,1.0,21,115.0
4.68384074941452,-0.0,1.0,22,115.0
5.85480093676815,-0.0,1.0,23,115.0
7.02576112412178,-0.0,1.0,24,115.0
8.196721311475411,-0.0,1.0,25,115.0
9.36768149882904,-0.0,1.0,26,115.0
10.53864168618267,-0.0,1.0,27,115.0
11.7096018735363,-0.0,1.0,28,115.0
12.88056206088993,-0.0,1.0,29,115.0
14.05152224824356,-0.0,1.0,30,115.0
15.22248243559719,-0.0,1.0,31,115.0
16.393442622950822,-0.0,1.0,32,115.0
17.564402810304447,-0.0,1.0,33,115.0
18.73536299765808,-0.0,1.0,34,115.0
18.73536299765808,-0.0,1.0,34,115.0
19.90632318501171,-0.0,1.0,35,115.0
21.07728337236534,-0.0,1.0,36,115.0
22.24824355971897,-0.0,1.0,37,115.0
23.4192037470726,-0.0,1.0,38,115.0
24.59016393442623,-0.0,1.0,39,115.0
25.76112412177986,-0.0,1.0,40,115.0
26.932084309133486,-0.0,1.0,41,115.0
28.10304449648712,-0.0,1.0,42,115.0
29.27400468384075,-0.0,1.0,43,115.0
30.44496487119438,-0.0,1.0,44,115.0
31.615925058548008,-0.0,1.0,45,115.0
32.786885245901644,-0.0,1.0,46,115.0
33.95784543325527,-0.0,1.0,47,115.0
35.128805620608894,-0.0,1.0,48,115.0
36.29976580796253,-0.0,1.0,49,115.0
37.47072599531616,-0.0,1.0,50,115.0
38.641686182669794,-0.0,1.0,51,115.0
39.81264637002342,-0.0,1.0,52,115.0
40.983606557377044,-0.0,1.0,53,115.0
42.15456674473068,-0.0,1.0,54,115.0
43.32552693208431,-0.0,1.0,55,115.0
44.49648711943794,-0.0,1.0,56,115.0
45.66744730679157,-0.0,1.0,57,115.0
46.8384074941452,-0.0,1.0,58,115.0
48.00936768149883,-0.0,1.0,59,115.0
49.18032786885246,-0.0,1.0,60,115.0
50.35128805620609,-0.0,1.0,61,115.0
51.52224824355972,0.033264033264033266,1.0038370058871908,62,114.0
52.69320843091335,-0.0,1.0,63,115.0
53.86416861826697,-0.0,1.0,64,115.0
55.03512880562061,-0.0,1.0,65,115.0
56.20608899297424,-0.0,1.0,66,115.0
57.37704918032787,-0.0,1.0,67,115.0
58.5480093676815,0.033264033264033266,1.0038370058871908,68,114.0
59.71896955503512,0.06652806652806653,1.00768873438856,69,113.0
60.88992974238876,0.06652806652806653,1.00768873438856,70,113.0
62.06088992974239,0.06652806652806653,1.00768873438856,71,113.0
63.231850117096016,0.06652806652806653,1.00768873438856,72,113.0
64.40281030444964,0.06652806652806653,1.00768873438856,73,113.0
65.57377049180329,0.11642411642411643,1.013494055674976,74,111.5
66.74473067915692,0.06652806652806653,1.00768873438856,75,113.0
67.91569086651054,0.06652806652806653,1.00768873438856,76,113.0
69.08665105386416,0.06652806652806653,1.00768873438856,77,113.0
70.25761124121779,0.06652806652806653,1.00768873438856,78,113.0
71.42857142857143,0.0997920997920998,1.0115552419948648,79,112.0
72.59953161592506,0.13305613305613306,1.0154365854136178,80,111.0
73.77049180327869,0.13305613305613306,1.0154365854136178,81,111.0
76.11241217798595,0.13305613305613306,1.0154365854136178,83,111.0
77.28337236533959,0.13305613305613306,1.0154365854136178,84,111.0
78.45433255269322,0.13305613305613306,1.0154365854136178,85,111.0
79.62529274004685,0.13305613305613306,1.0154365854136178,86,111.0
80.79625292740047,0.13305613305613306,1.0154365854136178,87,111.0
81.96721311475409,0.13305613305613306,1.0154365854136178,88,111.0
83.13817330210772,0.13305613305613306,1.0154365854136178,89,111.0
84.30913348946136,0.11642411642411643,1.013494055674976,90,111.5
85.48009367681499,0.0997920997920998,1.0115552419948648,91,112.0
86.65105386416862,0.0997920997920998,1.0115552419948648,92,112.0
87.82201405152225,0.13305613305613306,1.0154365854136178,93,111.0
88.99297423887587,0.0997920997920998,1.0115552419948648,94,112.0
90.16393442622952,0.0997920997920998,1.0115552419948648,95,112.0
91.33489461358315,0.0997920997920998,1.0115552419948648,96,112.0
92.50585480093677,0.06652806652806653,1.00768873438856,97,113.0
93.6768149882904,0.0997920997920998,1.0115552419948648,98,112.0
94.84777517564402,0.0997920997920998,1.0115552419948648,99,112.0
96.01873536299766,0.0997920997920998,1.0115552419948648,100,112.0
97.18969555035129,0.13305613305613306,1.0154365854136178,101,111.0
98.36065573770492,0.0997920997920998,1.0115552419948648,102,112.0
99.53161592505855,0.0997920997920998,1.0115552419948648,103,112.0
100.70257611241217,0.06652806652806653,1.00768873438856,104,113.0
101.87353629976582,0.06652806652806653,1.00768873438856,105,113.0
103.04449648711945,0.06652806652806653,1.00768873438856,106,113.0
104.21545667447307,0.06652806652806653,1.00768873438856,107,113.0
105.3864168618267,0.06652806652806653,1.00768873438856,108,113.0
106.55737704918032,0.06652806652806653,1.00768873438856,109,113.0
107.72833723653395,0.06652806652806653,1.00768873438856,110,113.0
108.89929742388759,0.06652806652806653,1.00768873438856,111,113.0
110.07025761124122,0.06652806652806653,1.00768873438856,112,113.0
111.24121779859485,0.06652806652806653,1.00768873438856,113,113.0
112.41217798594847,0.06652806652806653,1.00768873438856,114,113.0
113.5831381733021,0.06652806652806653,1.00768873438856,115,113.0
114.75409836065575,0.06652806652806653,1.00768873438856,116,113.0
115.92505854800937,0.033264033264033266,1.0038370058871908,117,114.0
117.096018735363,0.033264033264033266,1.0038370058871908,118,114.0
118.26697892271663,0.033264033264033266,1.0038370058871908,119,114.0
119.43793911007025,0.033264033264033266,1.0038370058871908,120,114.0
120.60889929742389,0.0498960498960499,1.0057610262855012,121,113.5
121.77985948477752,-0.0,1.0,122,115.0
122.95081967213115,-0.0,1.0,123,115.0
124.12177985948477,-0.0,1.0,124,115.0
125.2927400468384,0.016632016632016633,1.001916666139051,125,114.5
126.46370023419203,0.033264033264033266,1.0038370058871908,126,114.0
127.63466042154568,0.033264033264033266,1.0038370058871908,127,114.0
128.8056206088993,0.033264033264033266,1.0038370058871908,128,114.0
129.97658079625293,0.033264033264033266,1.0038370058871908,129,114.0
131.14754098360658,0.06652806652806653,1.00768873438856,130,113.0
132.3185011709602,0.06652806652806653,1.00768873438856,131,113.0
133.48946135831383,0.06652806652806653,1.00768873438856,132,113.0
134.66042154566745,0.06652806652806653,1.00768873438856,133,113.0
135.8313817330211,0.06652806652806653,1.00768873438856,134,113.0
137.00234192037473,0.06652806652806653,1.00768873438856,135,113.0
138.17330210772832,0.06652806652806653,1.00768873438856,136,113.0
139.34426229508196,0.06652806652806653,1.00768873438856,137,113.0
140.51522248243558,0.06652806652806653,1.00768873438856,138,113.0
141.68618266978922,0.06652806652806653,1.00768873438856,139,113.0
142.85714285714286,0.06652806652806653,1.00768873438856,140,113.0
144.02810304449648,0.06652806652806653,1.00768873438856,141,113.0
145.19906323185012,0.033264033264033266,1.0038370058871908,142,114.0
146.37002341920373,0.06652806652806653,1.00768873438856,143,113.0
147.54098360655738,0.06652806652806653,1.00768873438856,144,113.0
148.71194379391102,0.06652806652806653,1.00768873438856,145,113.0
149.88290398126463,0.06652806652806653,1.00768873438856,146,113.0
151.05386416861828,0.06652806652806653,1.00768873438856,147,113.0
152.2248243559719,0.06652806652806653,1.00768873438856,148,113.0
153.39578454332553,0.06652806652806653,1.00768873438856,149,113.0
154.56674473067918,0.0498960498960499,1.0057610262855012,150,113.5
155.7377049180328,0.016632016632016633,1.001916666139051,151,114.5
156.90866510538643,0.06652806652806653,1.00768873438856,152,113.0
158.07962529274005,0.06652806652806653,1.00768873438856,153,113.0
159.2505854800937,0.06652806652806653,1.00768873438856,154,113.0
160.4215456674473,0.0498960498960499,1.0057610262855012,155,113.5
161.59250585480095,-0.0,1.0,156,115.0
162.76346604215456,-0.0,1.0,157,115.0
163.93442622950818,-0.0,1.0,158,115.0
165.10538641686182,-0.0,1.0,159,115.0
166.27634660421543,-0.0,1.0,160,115.0
167.44730679156908,-0.0,1.0,161,115.0
168.61826697892272,-0.0,1.0,162,115.0
169.78922716627633,-0.0,1.0,163,115.0
170.96018735362998,-0.0,1.0,164,115.0
172.1311475409836,-0.033264033264033266,0.996177660452157,165,116.0
173.30210772833723,-0.0,1.0,166,115.0
174.47306791569088,-0.033264033264033266,0.996177660452157,167,116.0
175.6440281030445,-0.06652806652806653,0.9923699311839331,168,117.0
176.81498829039813,-0.06652806652806653,0.9923699311839331,169,117.0
177.98594847775175,-0.06652806652806653,0.9923699311839331,170,117.0
179.1569086651054,-0.06652806652806653,0.9923699311839331,171,117.0
180.32786885245903,-0.0997920997920998,0.9885767563498786,172,118.0
181.49882903981265,-0.0997920997920998,0.9885767563498786,173,118.0
182.6697892271663,-0.13305613305613306,0.9847980803180043,174,119.0
183.8407494145199,-0.13305613305613306,0.9847980803180043,175,119.0
185.01170960187355,-0.13305613305613306,0.9847980803180043,176,119.0
186.1826697892272,-0.13305613305613306,0.9847980803180043,177,119.0
187.3536299765808,-0.13305613305613306,0.9847980803180043,178,119.0
188.52459016393442,-0.13305613305613306,0.9847980803180043,179,119.0
189.69555035128803,-0.13305613305613306,0.9847980803180043,180,119.0
190.86651053864168,-0.16632016632016633,0.981033847668965,181,120.0
192.03747072599532,-0.16632016632016633,0.981033847668965,182,120.0
193.20843091334893,-0.16632016632016633,0.981033847668965,183,120.0
194.37939110070258,-0.16632016632016633,0.981033847668965,184,120.0
195.5503512880562,-0.1995841995841996,0.9772840031952474,185,121.0
196.72131147540983,-0.1995841995841996,0.9772840031952474,186,121.0
197.89227166276348,-0.1995841995841996,0.9772840031952474,187,121.0
199.0632318501171,-0.1995841995841996,0.9772840031952474,188,121.0
200.23419203747073,-0.1995841995841996,0.9772840031952474,189,121.0
201.40515222482435,-0.23284823284823286,0.97354849190036,190,122.0
202.576112412178,-0.23284823284823286,0.97354849190036,191,122.0
203.74707259953163,-0.21621621621621623,0.9754144593295097,192,121.5
204.91803278688525,-0.23284823284823286,0.97354849190036,193,122.0
206.0889929742389,-0.21621621621621623,0.9754144593295097,194,121.5
207.2599531615925,-0.2661122661122661,0.9698272589980264,195,123.0
208.43091334894615,-0.2661122661122661,0.9698272589980264,196,123.0
209.60187353629976,-0.2661122661122661,0.9698272589980264,197,123.0
210.7728337236534,-0.2661122661122661,0.9698272589980264,198,123.0
211.94379391100705,-0.2661122661122661,0.9698272589980264,199,123.0
213.11475409836063,-0.2661122661122661,0.9698272589980264,200,123.0
214.28571428571428,-0.2661122661122661,0.9698272589980264,201,123.0
215.4566744730679,-0.2661122661122661,0.9698272589980264,202,123.0
216.62763466042153,-0.2661122661122661,0.9698272589980264,203,123.0
217.79859484777518,-0.2993762993762994,0.9661202499113821,204,124.0
218.9695550351288,-0.33264033264033266,0.9624274102721739,205,125.0
220.14051522248243,-0.33264033264033266,0.9624274102721739,206,125.0
221.31147540983605,-0.2993762993762994,0.9661202499113821,207,124.0
222.4824355971897,-0.2661122661122661,0.9698272589980264,208,123.0
223.65339578454333,-0.2661122661122661,0.9698272589980264,209,123.0
224.82435597189695,-0.2661122661122661,0.9698272589980264,210,123.0
225.9953161592506,-0.2661122661122661,0.9698272589980264,211,123.0
227.1662763466042,-0.2661122661122661,0.9698272589980264,212,123.0
228.33723653395785,-0.28274428274428276,0.9679719798806389,213,123.5
229.5081967213115,-0.2993762993762994,0.9661202499113821,214,124.0
230.6791569086651,-0.33264033264033266,0.9624274102721739,215,125.0
231.85011709601875,-0.33264033264033266,0.9624274102721739,216,125.0
233.02107728337236,-0.33264033264033266,0.9624274102721739,217,125.0
234.192037470726,-0.33264033264033266,0.9624274102721739,218,125.0
235.36299765807965,-0.33264033264033266,0.9624274102721739,219,125.0
236.53395784543326,-0.33264033264033266,0.9624274102721739,220,125.0
237.70491803278688,-0.33264033264033266,0.9624274102721739,221,125.0
238.8758782201405,-0.33264033264033266,0.9624274102721739,222,125.0
240.04683840749414,-0.33264033264033266,0.9624274102721739,223,125.0
241.21779859484778,-0.3659043659043659,0.9587486859199627,224,126.0
242.3887587822014,-0.33264033264033266,0.9624274102721739,225,125.0
243.55971896955504,-0.33264033264033266,0.9624274102721739,226,125.0
244.73067915690865,-0.33264033264033266,0.9624274102721739,227,125.0
245.9016393442623,-0.3659043659043659,0.9587486859199627,228,126.0
247.07259953161594,-0.3991683991683992,0.9550840229013283,229,127.0
248.24355971896955,-0.3991683991683992,0.9550840229013283,230,127.0
249.4145199063232,-0.3991683991683992,0.9550840229013283,231,127.0
250.5854800936768,-0.43243243243243246,0.9514333674690797,232,128.0
251.75644028103045,-0.4656964656964657,0.9477966660814652,233,129.0
252.92740046838406,-0.4656964656964657,0.9477966660814652,234,129.0
254.0983606557377,-0.4656964656964657,0.9477966660814652,235,129.0
255.26932084309135,-0.4656964656964657,0.9477966660814652,236,129.0
256.44028103044496,-0.4656964656964657,0.9477966660814652,237,129.0
257.6112412177986,-0.498960498960499,0.9441738654013884,238,130.0
258.78220140515225,-0.5322245322245323,0.9405649122956249,239,131.0
259.95316159250586,-0.5488565488565489,0.9387656120345328,240,131.5
261.1241217798595,-0.5821205821205822,0.9351773311094982,241,132.5
262.29508196721315,-0.5322245322245323,0.9405649122956249,242,131.0
263.46604215456676,-0.5322245322245323,0.9405649122956249,243,131.0
264.6370023419204,-0.5322245322245323,0.9405649122956249,244,131.0
265.80796252927405,-0.5322245322245323,0.9405649122956249,245,131.0
266.97892271662766,-0.5322245322245323,0.9405649122956249,246,131.0
268.1498829039813,-0.5654885654885655,0.936969753834044,247,132.0
269.3208430913349,-0.5654885654885655,0.936969753834044,248,132.0
270.49180327868856,-0.5987525987525988,0.9333883372888314,249,133.0
271.6627634660422,-0.5987525987525988,0.9333883372888314,250,133.0
272.8337236533958,-0.5987525987525988,0.9333883372888314,251,133.0
274.00468384074946,-0.5987525987525988,0.9333883372888314,252,133.0
275.175644028103,-0.5987525987525988,0.9333883372888314,253,133.0
276.34660421545664,-0.5987525987525988,0.9333883372888314,254,133.0
277.5175644028103,-0.5987525987525988,0.9333883372888314,255,133.0
278.6885245901639,-0.5987525987525988,0.9333883372888314,256,133.0
279.85948477751754,-0.632016632016632,0.929820610133717,257,134.0
281.03044496487115,-0.6486486486486487,0.928041863717907,258,134.5
282.2014051522248,-0.5987525987525988,0.9333883372888314,259,133.0
283.37236533957844,-0.5987525987525988,0.9333883372888314,260,133.0
284.54332552693205,-0.5987525987525988,0.9333883372888314,261,133.0
285.7142857142857,-0.5987525987525988,0.9333883372888314,262,133.0
286.88524590163934,-0.5987525987525988,0.9333883372888314,263,133.0
288.05620608899295,-0.5987525987525988,0.9333883372888314,264,133.0
289.22716627634657,-0.5987525987525988,0.9333883372888314,265,133.0
290.39812646370024,-0.5987525987525988,0.9333883372888314,266,133.0
291.56908665105385,-0.5987525987525988,0.9333883372888314,267,133.0
292.74004683840747,-0.6153846153846154,0.9316027658125522,268,133.5
293.91100702576114,-0.632016632016632,0.929820610133717,269,134.0
295.08196721311475,-0.6652806652806653,0.9262665200432035,270,135.0
296.25292740046837,-0.6652806652806653,0.9262665200432035,271,135.0
297.42388758782204,-0.6652806652806653,0.9262665200432035,272,135.0
298.59484777517565,-0.6652806652806653,0.9262665200432035,273,135.0
299.76580796252927,-0.6985446985446986,0.9227260148917995,274,136.0
300.9367681498829,-0.6985446985446986,0.9227260148917995,275,136.0
302.10772833723655,-0.6652806652806653,0.9262665200432035,276,135.0
303.27868852459017,-0.6652806652806653,0.9262665200432035,277,135.0
304.4496487119438,-0.6985446985446986,0.9227260148917995,278,136.0
305.62060889929745,-0.7318087318087318,0.9191990427532551,279,137.0
306.79156908665107,-0.7318087318087318,0.9191990427532551,280,137.0
307.9625292740047,-0.7318087318087318,0.9191990427532551,281,137.0
309.13348946135835,-0.7484407484407485,0.9174406153911446,282,137.5
310.30444964871197,-0.7983367983367984,0.912185490801385,283,139.0
311.4754098360656,-0.7983367983367984,0.912185490801385,284,139.0
312.6463700234192,-0.7983367983367984,0.912185490801385,285,139.0
313.81733021077287,-0.7983367983367984,0.912185490801385,286,139.0
314.9882903981265,-0.7983367983367984,0.912185490801385,287,139.0
316.1592505854801,-0.7983367983367984,0.912185490801385,288,139.0
317.33021077283377,-0.8316008316008316,0.9086988081249264,289,140.0
318.5011709601874,-0.8648648648648649,0.9052254527335527,290,141.0
319.672131147541,-0.8648648648648649,0.9052254527335527,291,141.0
320.8430913348946,-0.8814968814968815,0.9034937568429677,292,141.5
322.0140515222483,-0.8981288981288982,0.9017653736858553,293,142.0
323.1850117096019,-0.8981288981288982,0.9017653736858553,294,142.0
324.3559718969555,-0.9313929313929314,0.8983185202351405,295,143.0
325.5269320843091,-0.9313929313929314,0.8983185202351405,296,143.0
326.69789227166274,-0.9313929313929314,0.8983185202351405,297,143.0
327.86885245901635,-0.9313929313929314,0.8983185202351405,298,143.0
329.03981264637,-0.9313929313929314,0.8983185202351405,299,143.0
330.21077283372364,-0.9313929313929314,0.8983185202351405,300,143.0
331.38173302107725,-0.8981288981288982,0.9017653736858553,301,142.0
332.55269320843087,-0.8648648648648649,0.9052254527335527,302,141.0
333.72365339578454,-0.8981288981288982,0.9017653736858553,303,142.0
334.89461358313815,-0.8981288981288982,0.9017653736858553,304,142.0
336.06557377049177,-0.8648648648648649,0.9052254527335527,305,141.0
337.23653395784544,-0.8648648648648649,0.9052254527335527,306,141.0
338.40749414519905,-0.8648648648648649,0.9052254527335527,307,141.0
339.57845433255267,-0.8648648648648649,0.9052254527335527,308,141.0
340.74941451990634,-0.8648648648648649,0.9052254527335527,309,141.0
341.92037470725995,-0.8648648648648649,0.9052254527335527,310,141.0
343.09133489461357,-0.8648648648648649,0.9052254527335527,311,141.0
344.2622950819672,-0.8648648648648649,0.9052254527335527,312,141.0
345.43325526932085,-0.8648648648648649,0.9052254527335527,313,141.0
346.60421545667447,-0.8316008316008316,0.9086988081249264,314,140.0
347.7751756440281,-0.8316008316008316,0.9086988081249264,315,140.0
348.94613583138175,-0.8316008316008316,0.9086988081249264,316,140.0
350.11709601873537,-0.8316008316008316,0.9086988081249264,317,140.0
351.288056206089,-0.7983367983367984,0.912185490801385,318,139.0
352.45901639344265,-0.7983367983367984,0.912185490801385,319,139.0
353.62997658079627,-0.7983367983367984,0.912185490801385,320,139.0
354.8009367681499,-0.7983367983367984,0.912185490801385,321,139.0
355.9718969555035,-0.7983367983367984,0.912185490801385,322,139.0
357.14285714285717,-0.7983367983367984,0.912185490801385,323,139.0
358.3138173302108,-0.7983367983367984,0.912185490801385,324,139.0
359.4847775175644,-0.7983367983367984,0.912185490801385,325,139.0
360.65573770491807,-0.8316008316008316,0.9086988081249264,326,140.0
361.8266978922717,-0.7983367983367984,0.912185490801385,327,139.0
362.9976580796253,-0.7983367983367984,0.912185490801385,328,139.0
364.1686182669789,-0.7983367983367984,0.912185490801385,329,139.0
365.3395784543326,-0.7983367983367984,0.912185490801385,330,139.0
366.5105386416862,-0.7983367983367984,0.912185490801385,331,139.0
367.6814988290398,-0.7983367983367984,0.912185490801385,332,139.0
368.8524590163935,-0.7983367983367984,0.912185490801385,333,139.0
370.0234192037471,-0.7983367983367984,0.912185490801385,334,139.0
371.1943793911007,-0.7983367983367984,0.912185490801385,335,139.0
372.3653395784544,-0.8316008316008316,0.9086988081249264,336,140.0
373.536299765808,-0.8648648648648649,0.9052254527335527,337,141.0
374.7072599531616,-0.8316008316008316,0.9086988081249264,338,140.0
375.87822014051517,-0.8316008316008316,0.9086988081249264,339,140.0
377.04918032786884,-0.8648648648648649,0.9052254527335527,340,141.0
378.22014051522245,-0.8648648648648649,0.9052254527335527,341,141.0
379.39110070257607,-0.8648648648648649,0.9052254527335527,342,141.0
380.56206088992974,-0.8648648648648649,0.9052254527335527,343,141.0
381.73302107728335,-0.8814968814968815,0.9034937568429677,344,141.5
382.90398126463697,-0.8981288981288982,0.9017653736858553,345,142.0
384.07494145199064,-0.8981288981288982,0.9017653736858553,346,142.0
385.24590163934425,-0.9313929313929314,0.8983185202351405,347,143.0
386.41686182669787,-0.9313929313929314,0.8983185202351405,348,143.0
387.5878220140515,-0.9313929313929314,0.8983185202351405,349,143.0
388.75878220140515,-0.9313929313929314,0.8983185202351405,350,143.0
389.92974238875877,-0.9313929313929314,0.8983185202351405,351,143.0
391.1007025761124,-0.9313929313929314,0.8983185202351405,352,143.0
392.27166276346605,-0.9313929313929314,0.8983185202351405,353,143.0
393.44262295081967,-0.9313929313929314,0.8983185202351405,354,143.0
394.6135831381733,-0.9313929313929314,0.8983185202351405,355,143.0
395.78454332552695,-0.9313929313929314,0.8983185202351405,356,143.0
396.95550351288057,-0.9313929313929314,0.8983185202351405,357,143.0
398.1264637002342,-0.9313929313929314,0.8983185202351405,358,143.0
399.2974238875878,-0.9313929313929314,0.8983185202351405,359,143.0
400.46838407494147,-0.9480249480249481,0.8966000373033691,360,143.5
401.6393442622951,-0.997920997920998,0.8914642881069991,361,145.0
402.8103044496487,-0.997920997920998,0.8914642881069991,362,145.0
403.98126463700237,-0.997920997920998,0.8914642881069991,363,145.0
405.152224824356,-0.997920997920998,0.8914642881069991,364,145.0
406.3231850117096,-0.997920997920998,0.8914642881069991,365,145.0
407.49414519906327,-0.997920997920998,0.8914642881069991,366,145.0
408.6651053864169,-0.997920997920998,0.8914642881069991,367,145.0
409.8360655737705,-0.997920997920998,0.8914642881069991,368,145.0
411.0070257611241,-0.997920997920998,0.8914642881069991,369,145.0
412.1779859484778,-0.997920997920998,0.8914642881069991,370,145.0
413.3489461358314,-0.997920997920998,0.8914642881069991,371,145.0
414.519906323185,-0.997920997920998,0.8914642881069991,372,145.0
415.6908665105387,-0.997920997920998,0.8914642881069991,373,145.0
416.8618266978923,-0.997920997920998,0.8914642881069991,374,145.0
418.0327868852459,-0.997920997920998,0.8914642881069991,375,145.0
419.2037470725995,-0.997920997920998,0.8914642881069991,376,145.0
420.3747072599532,-0.997920997920998,0.8914642881069991,377,145.0
421.5456674473068,-0.997920997920998,0.8914642881069991,378,145.0
422.7166276346604,-0.997920997920998,0.8914642881069991,379,145.0
423.8875878220141,-0.997920997920998,0.8914642881069991,380,145.0
436.76814988290397,-1.0311850311850312,0.888056808903078,391,146.0
437.9391100702576,-1.0644490644490645,0.8846623542416766,392,147.0
439.11007025761126,-1.0311850311850312,0.888056808903078,393,146.0
440.28103044496487,-1.0311850311850312,0.888056808903078,394,146.0
441.4519906323185,-0.997920997920998,0.8914642881069991,395,145.0
442.6229508196721,-1.0311850311850312,0.888056808903078,396,146.0
443.79391100702577,-1.0644490644490645,0.8846623542416766,397,147.0
444.9648711943794,-1.0644490644490645,0.8846623542416766,398,147.0
446.135831381733,-1.0644490644490645,0.8846623542416766,399,147.0
447.30679156908667,-1.0644490644490645,0.8846623542416766,400,147.0
448.4777517564403,-1.0644490644490645,0.8846623542416766,401,147.0
449.6487119437939,-1.0644490644490645,0.8846623542416766,402,147.0
450.81967213114757,-1.0644490644490645,0.8846623542416766,403,147.0
451.9906323185012,-1.0644490644490645,0.8846623542416766,404,147.0
453.1615925058548,-1.0644490644490645,0.8846623542416766,405,147.0
454.3325526932084,-1.0977130977130978,0.8812808743385708,406,148.0
455.5035128805621,-1.0977130977130978,0.8812808743385708,407,148.0
456.6744730679157,-1.0810810810810811,0.8829699955494089,408,147.5
457.8454332552693,-1.0977130977130978,0.8812808743385708,409,148.0
459.016393442623,-1.130977130977131,0.877912319599829,410,149.0
460.1873536299766,-1.130977130977131,0.877912319599829,411,149.0
461.3583138173302,-1.130977130977131,0.877912319599829,412,149.0
462.5292740046838,-1.130977130977131,0.877912319599829,413,149.0
463.7002341920375,-1.1642411642411643,0.8745566406210841,414,150.0
464.8711943793911,-1.1975051975051976,0.8712137881868094,415,151.0
466.0421545667447,-1.1975051975051976,0.8712137881868094,416,151.0
467.2131147540984,-1.1975051975051976,0.8712137881868094,417,151.0
468.384074941452,-1.1975051975051976,0.8712137881868094,418,151.0
469.5550351288056,-1.1975051975051976,0.8712137881868094,419,151.0
470.7259953161593,-1.1975051975051976,0.8712137881868094,420,151.0
471.8969555035129,-1.1975051975051976,0.8712137881868094,421,151.0
473.0679156908665,-1.2307692307692308,0.8678837132695969,422,152.0
474.23887587822014,-1.264033264033264,0.8645663670294378,423,153.0
475.40983606557376,-1.264033264033264,0.8645663670294378,424,153.0
476.58079625292737,-1.264033264033264,0.8645663670294378,425,153.0
477.751756440281,-1.2972972972972974,0.8612617008130063,426,154.0
478.92271662763466,-1.3305613305613306,0.8579696661529463,427,155.0
480.09367681498827,-1.363825363825364,0.8546902147671603,428,156.0
481.2646370023419,-1.3970893970893972,0.8514232985581014,429,157.0
482.43559718969556,-1.3970893970893972,0.8514232985581014,430,157.0
483.60655737704917,-1.3970893970893972,0.8514232985581014,431,157.0
484.7775175644028,-1.3970893970893972,0.8514232985581014,432,157.0
485.9484777517564,-1.4303534303534304,0.8481688696120679,433,158.0
487.11943793911007,-1.496881496881497,0.8416972827692822,434,160.0
488.2903981264637,-1.5301455301455302,0.8384800299580413,435,161.0
489.4613583138173,-1.5301455301455302,0.8384800299580413,436,161.0
490.63231850117097,-1.5301455301455302,0.8384800299580413,437,161.0
491.8032786885246,-1.5467775467775469,0.836876018031696,438,161.5
504.6838407494145,-1.762993762993763,0.8163009686542197,449,168.0
505.85480093676813,-1.7962577962577964,0.8131807891787902,450,169.0
507.0257611241218,-1.7962577962577964,0.8131807891787902,451,169.0
508.1967213114754,-1.7962577962577964,0.8131807891787902,452,169.0
509.36768149882903,-1.7962577962577964,0.8131807891787902,453,169.0
510.5386416861827,-1.7962577962577964,0.8131807891787902,454,169.0
511.7096018735363,-1.8295218295218296,0.8100725360887661,455,170.0
512.8805620608899,-1.862785862785863,0.8069761637974525,456,171.0
514.0515222482436,-1.862785862785863,0.8069761637974525,457,171.0
515.2224824355972,-1.862785862785863,0.8069761637974525,458,171.0
516.3934426229508,-1.862785862785863,0.8069761637974525,459,171.0
517.5644028103045,-1.862785862785863,0.8069761637974525,460,171.0
518.7353629976581,-1.862785862785863,0.8069761637974525,461,171.0
519.9063231850117,-1.862785862785863,0.8069761637974525,462,171.0
521.0772833723654,-1.8960498960498962,0.803891626892403,463,172.0
522.248243559719,-1.9293139293139294,0.8008188801347523,464,173.0
523.4192037470726,-1.9293139293139294,0.8008188801347523,465,173.0
524.5901639344263,-1.9293139293139294,0.8008188801347523,466,173.0
525.7611241217799,-1.9293139293139294,0.8008188801347523,467,173.0
526.9320843091335,-1.9625779625779627,0.7977578784585541,468,174.0
528.1030444964872,-1.995841995841996,0.7947085769701187,469,175.0
529.2740046838408,-2.0124740124740126,0.7931882998139737,470,175.5
530.4449648711944,-2.029106029106029,0.7916709309473557,471,176.0
531.6159250585481,-2.0623700623700625,0.7886448958391181,472,177.0
532.7868852459017,-2.0623700623700625,0.7886448958391181,473,177.0
533.9578454332553,-2.0623700623700625,0.7886448958391181,474,177.0
535.1288056206089,-2.0623700623700625,0.7886448958391181,475,177.0
536.2997658079626,-2.0623700623700625,0.7886448958391181,476,177.0
537.4707259953162,-2.0956340956340958,0.7856304272645478,477,178.0
538.6416861826698,-2.128898128898129,0.7826274810124257,478,179.0
539.8126463700235,-2.128898128898129,0.7826274810124257,479,179.0
540.9836065573771,-2.1455301455301456,0.7811303149875028,480,179.5
542.1545667447307,-2.1954261954261955,0.7766559794749559,481,181.0
543.3255269320844,-2.1954261954261955,0.7766559794749559,482,181.0
544.496487119438,-2.1954261954261955,0.7766559794749559,483,181.0
545.6674473067916,-2.212058212058212,0.7751702369298322,484,181.5
546.8384074941453,-2.261954261954262,0.7707300409051522,485,183.0
548.0093676814989,-2.2952182952182953,0.7677840489890899,486,184.0
549.1803278688525,-2.3284823284823286,0.7648493176544359,487,185.0
550.351288056206,-2.3284823284823286,0.7648493176544359,488,185.0
551.5222482435597,-2.3451143451143452,0.7633861612481514,489,185.5
552.6932084309133,-2.395010395010395,0.7590134647268109,490,187.0
553.864168618267,-2.4282744282744284,0.7561122575432403,491,188.0
555.0351288056206,-2.4615384615384617,0.753222139758624,492,189.0
556.2060889929742,-2.4615384615384617,0.753222139758624,493,189.0
557.3770491803278,-2.494802494802495,0.7503430689855137,494,190.0
558.5480093676814,-2.544698544698545,0.746045083648446,495,191.5
559.7189695550351,-2.5945945945945947,0.7417717172873124,496,193.0
560.8899297423887,-2.627858627858628,0.7389364139168537,497,194.0
562.0608899297423,-2.6943866943866945,0.7332982782279704,498,196.0
563.231850117096,-2.727650727650728,0.7304953632187347,499,197.0
564.4028103044496,-2.760914760914761,0.7277031619023877,500,198.0
565.5737704918032,-2.810810810810811,0.7235348585637257,501,199.5
573.7704918032787,-3.1101871101871104,0.6990216783751831,508,208.5
574.9414519906323,-3.1600831600831603,0.6950176633477492,509,210.0
576.1124121779859,-3.1933471933471935,0.6923610698466857,510,211.0
577.2833723653396,-3.226611226611227,0.6897146307480239,511,212.0
578.4543325526931,-3.2765072765072767,0.6857639267404237,512,213.5
579.6252927400468,-3.3264033264033266,0.6818358524719357,513,215.0
580.7962529274005,-3.343035343035343,0.6805315007878181,514,215.5
581.967213114754,-3.392931392931393,0.6766333979963133,515,217.0
583.1381733021077,-3.4261954261954264,0.6740470753997606,516,218.0
584.3091334894614,-3.4594594594594597,0.6714706386063523,517,219.0
585.4800936768149,-3.492723492723493,0.6689040498291918,518,220.0
586.6510538641686,-3.525987525987526,0.6663472714258174,519,221.0
587.8220140515223,-3.5592515592515594,0.6638002658976493,520,222.0
588.9929742388758,-3.6091476091476093,0.6599980000708628,521,223.5
590.1639344262295,-3.6590436590436592,0.6562175137252851,522,225.0
591.3348946135832,-3.6590436590436592,0.6562175137252851,523,225.0
592.5058548009367,-3.6923076923076925,0.6537092275705858,524,226.0
593.6768149882904,-3.725571725571726,0.651210528937253,525,227.0
594.8477751756441,-3.758835758835759,0.6487213811785244,526,228.0
596.0187353629976,-3.7920997920997923,0.6462417477877145,527,229.0
597.1896955503513,-3.7920997920997923,0.6462417477877145,528,229.0
598.3606557377049,-3.8253638253638256,0.6437715923976783,529,230.0
599.5316159250585,-3.858627858627859,0.6413108787802788,530,231.0
600.7025761124122,-3.858627858627859,0.6413108787802788,531,231.0
601.8735362997658,-3.891891891891892,0.6388595708458551,532,232.0
603.0444964871194,-3.941787941787942,0.6352001659930145,533,233.5
604.2154566744731,-3.991683991683992,0.631561722309871,534,235.0
605.3864168618267,-3.991683991683992,0.631561722309871,535,235.0
606.5573770491803,-4.024948024948025,0.6291476789617821,536,236.0
607.728337236534,-4.058212058212058,0.6267428629070529,537,237.0
608.8992974238876,-4.091476091476092,0.6243472388758351,538,238.0
610.0702576112412,-4.091476091476092,0.6243472388758351,539,238.0
611.2412177985949,-4.124740124740125,0.6219607717330934,540,239.0
612.4121779859485,-4.124740124740125,0.6219607717330934,541,239.0
613.5831381733021,-4.158004158004158,0.6195834264780911,542,240.0
614.7540983606558,-4.1912681912681915,0.6172151682438759,543,241.0
615.9250585480094,-4.224532224532225,0.6148559622967688,544,242.0
617.096018735363,-4.291060291060291,0.6101645689924755,545,244.0
618.2669789227167,-4.324324324324325,0.6078323128297229,546,245.0
619.4379391100703,-4.324324324324325,0.6078323128297229,547,245.0
620.6088992974239,-4.324324324324325,0.6078323128297229,548,245.0
621.7798594847775,-4.374220374220374,0.6043506329476522,549,246.5
622.9508196721312,-4.457380457380458,0.5985920948299639,550,249.0
624.1217798594848,-4.457380457380458,0.5985920948299639,551,249.0
625.2927400468384,-4.490644490644491,0.5963040725928691,552,250.0
626.4637002341921,-4.523908523908524,0.5940247959536576,553,251.0
627.6346604215457,-4.557172557172557,0.5917542314836847,554,252.0
628.8056206088993,-4.623700623700624,0.5872391059752654,555,254.0
629.976580796253,-4.673596673596673,0.5838753845374878,556,255.5
631.1475409836066,-4.723492723492724,0.5805309305868305,557,257.0
632.3185011709602,-4.74012474012474,0.5794203751734592,558,257.5
633.4894613583139,-4.79002079002079,0.5761014396365977,559,259.0
634.6604215456675,-4.8232848232848236,0.5738993843203055,560,260.0
635.8313817330211,-4.856548856548857,0.5717057460071353,561,261.0
637.0023419203748,-4.88981288981289,0.5695204925244431,562,262.0
638.1733021077284,-4.956340956340957,0.5651750119743214,563,264.0
639.344262295082,-5.006237006237006,0.5619376742620841,564,265.5
640.5152224824357,-5.056133056133056,0.5587188801075785,565,267.0
641.6861826697892,-5.056133056133056,0.5587188801075785,566,267.0
642.8571428571429,-5.106029106029106,0.5555185232928058,567,268.5
644.0281030444966,-5.1891891891891895,0.5502252805673685,568,271.0
645.1990632318501,-5.205821205821206,0.5491726998490765,569,271.5
646.3700234192038,-5.255717255717256,0.5460270238122997,570,273.0
647.5409836065575,-5.255717255717256,0.5460270238122997,571,273.0
648.711943793911,-5.288981288981289,0.5439399231249911,572,274.0
649.8829039812647,-5.3222453222453225,0.5418608000451798,573,275.0
651.0538641686182,-5.355509355509356,0.5397896240797413,574,276.0
652.2248243559718,-5.388773388773389,0.537726364852106,575,277.0
653.3957845433255,-5.405405405405405,0.5366976945540475,576,277.5
654.5667447306791,-5.455301455301456,0.533623475684071,577,279.0
655.7377049180327,-5.471933471933472,0.5326026542111757,578,279.5
656.9086651053864,-5.521829521829522,0.5295518918427328,579,281.0
658.07962529274,-5.521829521829522,0.5295518918427328,580,281.0
659.2505854800936,-5.521829521829522,0.5295518918427328,581,281.0
660.4215456674473,-5.521829521829522,0.5295518918427328,582,281.0
661.592505854801,-5.555093555093555,0.5275277647039073,583,282.0
662.7634660421545,-5.621621621621622,0.5235026915568305,584,284.0
663.9344262295082,-5.654885654885655,0.5215016865154907,585,285.0
665.1053864168617,-5.654885654885655,0.5215016865154907,586,285.0
666.2763466042154,-5.671517671517671,0.5205040540199118,587,285.5
667.4473067915691,-5.721413721413722,0.5175225927596826,588,287.0
668.6182669789226,-5.6881496881496885,0.5195083299948557,589,286.0
669.7892271662763,-5.754677754677755,0.5155444456864751,590,288.0
670.96018735363,-5.787941787941788,0.5135738597630568,591,289.0
672.1311475409835,-5.8212058212058215,0.5116108060881461,592,290.0
673.3021077283372,-5.854469854469855,0.5096552558709316,593,291.0
674.4730679156909,-5.887733887733888,0.5077071804306502,594,292.0
675.6440281030444,-5.954261954261955,0.5038333397055531,595,294.0
676.8149882903981,-6.020790020790021,0.49998905665177096,596,296.0
677.9859484777518,-6.070686070686071,0.4971251058497877,597,297.5
679.1569086651053,-6.120582120582121,0.49427755983524346,598,299.0
680.327868852459,-6.153846153846154,0.4923882631706739,599,300.0
681.4988290398127,-6.220374220374221,0.48863130683845807,600,302.0
682.6697892271662,-6.286902286902287,0.48490301634159594,601,304.0
683.8407494145199,-6.353430353430354,0.4812031729577912,602,306.0
685.0117096018735,-6.41995841995842,0.47753155963361354,603,308.0
686.1826697892271,-6.453222453222454,0.4757062718678829,604,309.0
687.3536299765808,-6.486486486486487,0.47388796097176533,605,310.0
688.5245901639344,-6.553014553014553,0.47027216321844517,606,312.0
689.695550351288,-6.652806652806653,0.46490012971613126,607,315.0
690.8665105386417,-6.752598752598753,0.4595894622614109,608,318.0
692.0374707259953,-6.785862785862786,0.4578327552840372,609,319.0
693.2084309133489,-6.835758835758836,0.45521027691330934,610,320.5
694.3793911007026,-6.918918918918919,0.4508728185104225,611,323.0
695.5503512880562,-6.952182952182953,0.4491494295051827,612,324.0
696.7213114754098,-7.051975051975052,0.44401868613663203,613,327.0
697.8922716627635,-7.135135135135135,0.4397878664937159,614,329.5
699.0632318501171,-7.185031185031185,0.43726874973267765,615,331.0
700.2341920374707,-7.185031185031185,0.43726874973267765,616,331.0
701.4051522248244,-7.251559251559252,0.43393235908110184,617,333.0
702.576112412178,-7.3180873180873185,0.4306214253197948,618,335.0
703.7470725995316,-7.367983367983368,0.42815481418103396,619,336.5
704.9180327868853,-7.451143451143452,0.42407515299873677,620,339.0
706.0889929742389,-7.484407484407485,0.4224541937701721,621,340.0
707.2599531615925,-7.517671517671518,0.42083943039817234,622,341.0
708.4309133489461,-7.550935550935551,0.4192308392000697,623,342.0
709.6018735362998,-7.584199584199585,0.4176283965837199,624,343.0
710.7728337236534,-7.650727650727651,0.4144418631782425,625,345.0
711.943793911007,-7.717255717255718,0.41127964324193356,626,347.0
713.1147540983607,-7.717255717255718,0.41127964324193356,627,347.0
714.2857142857143,-7.750519750519751,0.40970759279634716,628,348.0
715.4566744730679,-7.783783783783784,0.40814155126135016,629,349.0
716.6276346604216,-7.8170478170478175,0.40658149566884594,630,350.0
717.7985948477752,-7.850311850311851,0.4050274031385298,631,351.0
718.9695550351288,-7.883575883575884,0.40347925087755326,632,352.0
720.1405152224825,-7.916839916839917,0.40193701618019,633,353.0
721.3114754098361,-7.9501039501039505,0.4004006764275025,634,354.0
722.4824355971897,-7.983367983367984,0.39887020908701054,635,355.0
723.6533957845434,-8.016632016632016,0.39734559171236095,636,356.0
724.824355971897,-8.04989604989605,0.39582680194299774,637,357.0
725.9953161592506,-8.04989604989605,0.39582680194299774,638,357.0
727.1662763466043,-8.083160083160083,0.3943138175038349,639,358.0
728.3372365339578,-8.083160083160083,0.3943138175038349,640,358.0
729.5081967213115,-8.116424116424117,0.392806616204929,641,359.0
730.6791569086652,-8.133056133056133,0.3920551773219164,642,359.5
731.8501170960187,-8.182952182952183,0.38980947469187904,643,361.0
733.0210772833724,-8.182952182952183,0.38980947469187904,644,361.0
734.1920374707261,-8.182952182952183,0.38980947469187904,645,361.0
735.3629976580796,-8.182952182952183,0.38980947469187904,646,361.0
736.5339578454333,-8.216216216216216,0.38831949052064046,647,362.0
737.704918032787,-8.216216216216216,0.38831949052064046,648,362.0
738.8758782201405,-8.24948024948025,0.38683520157482515,649,363.0
740.0468384074942,-8.24948024948025,0.38683520157482515,650,363.0
741.2177985948479,-8.24948024948025,0.38683520157482515,651,363.0
742.3887587822014,-8.24948024948025,0.38683520157482515,652,363.0
743.5597189695551,-8.24948024948025,0.38683520157482515,653,363.0
744.7306791569088,-8.24948024948025,0.38683520157482515,654,363.0
745.9016393442623,-8.24948024948025,0.38683520157482515,655,363.0
747.072599531616,-8.216216216216216,0.38831949052064046,656,362.0
748.2435597189697,-8.216216216216216,0.38831949052064046,657,362.0
749.4145199063232,-8.216216216216216,0.38831949052064046,658,362.0
750.5854800936768,-8.216216216216216,0.38831949052064046,659,362.0
751.7564402810303,-8.24948024948025,0.38683520157482515,660,363.0
752.927400468384,-8.24948024948025,0.38683520157482515,661,363.0
754.0983606557377,-8.24948024948025,0.38683520157482515,662,363.0
755.2693208430912,-8.24948024948025,0.38683520157482515,663,363.0
756.4402810304449,-8.24948024948025,0.38683520157482515,664,363.0
757.6112412177986,-8.24948024948025,0.38683520157482515,665,363.0
758.7822014051521,-8.282744282744282,0.38535658608534795,666,364.0
759.9531615925058,-8.282744282744282,0.38535658608534795,667,364.0
761.1241217798595,-8.316008316008316,0.3838836223663321,668,365.0
762.295081967213,-8.316008316008316,0.3838836223663321,669,365.0
763.4660421545667,-8.349272349272349,0.38241628881479217,670,366.0
764.6370023419204,-8.415800415800415,0.3794984262147504,671,368.0
765.8079625292739,-8.44906444906445,0.3780478543718856,672,369.0
766.9789227166276,-8.44906444906445,0.3780478543718856,673,369.0
768.1498829039813,-8.44906444906445,0.3780478543718856,674,369.0
769.3208430913348,-8.465696465696466,0.3773246489937299,675,369.5
770.4918032786885,-8.532224532224532,0.3744456359559095,676,371.5
771.6627634660422,-8.615384615384615,0.3708777411774475,677,374.0
772.8337236533957,-8.64864864864865,0.36946012051993027,678,375.0
774.0046838407494,-8.698544698544698,0.3673438429846785,679,376.5
775.175644028103,-8.781704781704782,0.3638436174420858,680,379.0
776.3466042154566,-8.814968814968815,0.3624528835939067,681,380.0
777.5175644028103,-8.881496881496881,0.35968734314950335,682,382.0
778.6885245901639,-8.964656964656964,0.35626007235163215,683,384.5
779.8594847775175,-9.064449064449065,0.35219042674234957,684,387.5
781.0304449648712,-9.147609147609147,0.3488345901029654,685,390.0
782.2014051522248,-9.180873180873181,0.3475012258535592,686,391.0
783.3723653395784,-9.214137214137214,0.3461729581750553,687,392.0
784.5433255269321,-9.28066528066528,0.3435316346819182,688,394.0
785.7142857142857,-9.347193347193347,0.34091046466879926,689,396.0
786.8852459016393,-9.413721413721413,0.33830929436325896,690,398.0
788.056206088993,-9.446985446985448,0.33701616136801144,691,399.0
789.2271662763466,-9.463617463617464,0.33637144960041876,692,399.5
790.3981264637002,-9.546777546777546,0.33316634364267605,693,402.0
791.5690866510539,-9.613305613305613,0.33062426151348506,694,404.0
792.7400468384075,-9.646569646569647,0.3293605033232257,695,405.0
793.9110070257611,-9.646569646569647,0.3293605033232257,696,405.0
795.0819672131147,-9.646569646569647,0.3293605033232257,697,405.0
796.2529274004684,-9.67983367983368,0.32810157564587594,698,406.0
797.423887587822,-9.713097713097714,0.3268474600175751,699,407.0
798.5948477751756,-9.713097713097714,0.3268474600175751,700,407.0
799.7658079625293,-9.746361746361746,0.32559813804503795,701,408.0
800.9367681498829,-9.746361746361746,0.32559813804503795,702,408.0
802.1077283372365,-9.77962577962578,0.3243535914052843,703,409.0
803.2786885245902,-9.77962577962578,0.3243535914052843,704,409.0
804.4496487119438,-9.77962577962578,0.3243535914052843,705,409.0
805.6206088992974,-9.812889812889813,0.3231138018453711,706,410.0
806.7915690866511,-9.812889812889813,0.3231138018453711,707,410.0
807.9625292740047,-9.846153846153847,0.32187875118212356,708,411.0
809.1334894613583,-9.846153846153847,0.32187875118212356,709,411.0
810.304449648712,-9.846153846153847,0.32187875118212356,710,411.0
811.4754098360656,-9.879417879417879,0.3206484213018699,711,412.0
812.6463700234192,-9.92931392931393,0.31881173849626654,712,413.5
813.8173302107729,-9.97920997920998,0.31698557625931184,713,415.0
814.9882903981265,-9.97920997920998,0.31698557625931184,714,415.0
816.1592505854801,-9.97920997920998,0.31698557625931184,715,415.0
817.3302107728338,-9.97920997920998,0.31698557625931184,716,415.0
818.5011709601873,-10.012474012474012,0.3157739497550801,717,416.0
819.672131147541,-10.045738045738046,0.3145669544987527,718,417.0
820.8430913348947,-10.079002079002079,0.3133645727881276,719,418.0
822.0140515222482,-10.112266112266113,0.3121667869886667,720,419.0
823.1850117096019,-10.145530145530145,0.31097357953323684,721,420.0
824.3559718969556,-10.17879417879418,0.30978493292185266,722,421.0
825.5269320843091,-10.212058212058212,0.3086008297214196,723,422.0
826.6978922716628,-10.278586278586278,0.30624618415394983,724,424.0
827.8688524590165,-10.311850311850312,0.30507560725288224,725,425.0
829.03981264637,-10.311850311850312,0.30507560725288224,726,425.0
830.2107728337237,-10.328482328482329,0.3044919977511805,727,425.5
831.3817330210774,-10.378378378378379,0.30274785937543935,728,427.0
832.5526932084309,-10.411642411642411,0.3015906542595238,729,428.0
833.7236533957846,-10.444906444906445,0.3004378723744878,730,429.0
834.8946135831383,-10.444906444906445,0.3004378723744878,731,429.0
836.0655737704918,-10.444906444906445,0.3004378723744878,732,429.0
837.2365339578455,-10.478170478170478,0.299289496813241,733,430.0
838.407494145199,-10.511434511434512,0.2981455107333178,734,431.0
839.5784543325527,-10.544698544698544,0.29700589735663,735,432.0
840.7494145199064,-10.577962577962579,0.2958706399692212,736,433.0
841.92037470726,-10.577962577962579,0.2958706399692212,737,433.0
843.0913348946136,-10.594594594594595,0.2953046395658606,738,433.5
844.2622950819673,-10.644490644490645,0.2936131266256023,739,435.0
845.4332552693209,-10.644490644490645,0.2936131266256023,740,435.0
846.6042154566745,-10.677754677754677,0.29249083755993543,741,436.0
847.7751756440282,-10.711018711018712,0.2913728382641484,742,437.0
848.9461358313818,-10.711018711018712,0.2913728382641484,743,437.0
850.1170960187353,-10.711018711018712,0.2913728382641484,744,437.0
851.288056206089,-10.711018711018712,0.2913728382641484,745,437.0
852.4590163934425,-10.711018711018712,0.2913728382641484,746,437.0
853.6299765807962,-10.711018711018712,0.2913728382641484,747,437.0
854.8009367681499,-10.711018711018712,0.2913728382641484,748,437.0
855.9718969555034,-10.711018711018712,0.2913728382641484,749,437.0
857.1428571428571,-10.744282744282744,0.2902591123412841,750,438.0
858.3138173302108,-10.777546777546778,0.28914964345706023,751,439.0
859.4847775175643,-10.777546777546778,0.28914964345706023,752,439.0
860.655737704918,-10.777546777546778,0.28914964345706023,753,439.0
861.8266978922716,-10.777546777546778,0.28914964345706023,754,439.0
862.9976580796252,-10.777546777546778,0.28914964345706023,755,439.0
864.1686182669789,-10.81081081081081,0.28804441533962966,756,440.0
865.3395784543325,-10.844074844074845,0.2869434117793417,757,441.0
866.5105386416861,-10.844074844074845,0.2869434117793417,758,441.0
867.6814988290398,-10.844074844074845,0.2869434117793417,759,441.0
868.8524590163934,-10.844074844074845,0.2869434117793417,760,441.0
870.023419203747,-10.844074844074845,0.2869434117793417,761,441.0
871.1943793911007,-10.86070686070686,0.28639448915955873,762,441.5
872.3653395784543,-10.910602910602911,0.2847540138011483,763,443.0
873.5362997658079,-10.943866943866944,0.2836655872727892,764,444.0
874.7072599531616,-10.977130977130978,0.2825813210801943,765,445.0
875.8782201405152,-10.977130977130978,0.2825813210801943,766,445.0
877.0491803278688,-11.01039501039501,0.28150119932114775,767,446.0
878.2201405152225,-11.043659043659044,0.28042520615421734,768,447.0
879.3911007025761,-11.043659043659044,0.28042520615421734,769,447.0
880.5620608899297,-11.093555093555093,0.27881892300986244,770,448.5
881.7330210772833,-11.176715176715177,0.2761622046934538,771,451.0
882.903981264637,-11.193347193347194,0.2756339065180563,772,451.5
884.0749414519906,-11.243243243243244,0.27405506806724605,773,453.0
885.2459016393442,-11.25987525987526,0.2735308008432822,774,453.5
886.4168618266979,-11.30977130977131,0.2719640090385011,775,455.0
887.5878220140515,-11.343035343035343,0.27092447025116334,776,456.0
888.7587822014051,-11.40956340956341,0.2688572978991905,777,458.0
889.9297423887588,-11.45945945945946,0.2673172760453248,778,459.5
891.1007025761124,-11.50935550935551,0.2657860754781748,779,461.0
892.271662763466,-11.542619542619542,0.2647701508506086,780,462.0
893.4426229508197,-11.609147609147609,0.26274993637917804,781,464.0
894.6135831381733,-11.675675675675675,0.26074513628318774,782,466.0
895.7845433255269,-11.725571725571726,0.2592515811098561,783,467.5
896.9555035128806,-11.775467775467776,0.2577665810608408,784,469.0
898.1264637002342,-11.775467775467776,0.2577665810608408,785,469.0
899.2974238875878,-11.808731808731808,0.2567813096639397,786,470.0
900.4683840749415,-11.875259875259875,0.2548220506005241,787,472.0
901.6393442622951,-11.941787941787942,0.2528777408185908,788,474.0
902.8103044496487,-11.991683991683992,0.25142925029867624,789,475.5
903.9812646370024,-12.058212058212058,0.24951082781652525,790,477.5
905.1522248243559,-12.108108108108109,0.24808162306509743,791,479.0
906.3231850117096,-12.108108108108109,0.24808162306509743,792,479.0
907.4941451990633,-12.158004158004157,0.2466606048370337,793,480.5
908.6651053864168,-12.274428274428274,0.24337646921151437,794,484.0
909.8360655737705,-12.307692307692308,0.24244620170823283,795,485.0
911.0070257611242,-12.34095634095634,0.24151949000321915,796,486.0
912.1779859484777,-12.390852390852391,0.2401360598503247,797,487.5
913.3489461358314,-12.407484407484407,0.23967667967407322,798,488.0
914.5199063231851,-12.474012474012474,0.23784793011455363,799,490.0
915.6908665105386,-12.54054054054054,0.23603313404002055,800,492.0
916.8618266978923,-12.573804573804575,0.23513093525717807,801,493.0
918.032786885246,-12.607068607068607,0.23423218498442328,802,494.0
919.2037470725995,-12.673596673596673,0.23244497729405442,803,496.0
920.3747072599532,-12.74012474012474,0.2306714061213517,804,498.0
921.5456674473069,-12.806652806652806,0.22891136741874687,805,500.0
922.7166276346604,-12.83991683991684,0.2280363904461114,806,501.0
923.8875878220141,-12.873180873180873,0.22716475793256188,807,502.0
925.0585480093677,-12.93970893970894,0.22543147519695128,808,504.0
926.2295081967213,-12.972972972972974,0.2245697995539774,809,505.0
927.400468384075,-13.03950103950104,0.2228563165293702,810,507.0
928.5714285714286,-13.106029106029107,0.22115590749815595,811,509.0
929.7423887587822,-13.13929313929314,0.22031057452668668,812,510.0
930.9133489461359,-13.18918918918919,0.2190486296136792,813,511.5
932.0843091334895,-13.272349272349272,0.21696143086763764,814,514.0
933.2552693208431,-13.272349272349272,0.21696143086763764,815,514.0
934.4262295081968,-13.338877338877339,0.21530600021968524,816,516.0
935.5971896955504,-13.405405405405405,0.21366320062149693,817,518.0
936.768149882904,-13.43866943866944,0.2128465073198427,818,519.0
939.1100702576113,-13.538461538461538,0.2104151098066508,820,522.0
940.2810304449649,-13.588357588357589,0.2092098463824558,821,523.5
942.6229508196722,-13.704781704781706,0.2064243447813064,823,527.0
943.7939110070258,-13.738045738045738,0.20563532084461125,824,528.0
944.9648711943794,-13.771309771309772,0.20484931282531352,825,529.0
